index,x,y,z,rx,ry,rz,q1,q2,q3,q4,q5,q6
1,294.45001220703125,120.4520034790039,328.3979797363281,3.1415925124328794,0.0009417596930454809,1.926541575990652e-6,0.82498,-1.08308,-1.90851,-1.72144,1.57807,-0.74941
2,294.4530029296875,100.45199584960938,328.43701171875,3.141592483140933,0.0010215738419286752,0.00016537422841109433,0.776143,-1.06408,-1.91756,-1.73145,1.57804,-0.798346
3,294.44500732421875,80.44660186767578,328.44000244140625,3.141592491818251,0.0009959447736845556,0.0001566351148632009,0.723263,-1.04801,-1.925,-1.74014,1.578,-0.851271
4,294.4430236816406,60.45699691772461,328.43701171875,3.141592494618797,0.0009969362712705624,7.044342709633209e-5,0.666683,-1.03514,-1.93077,-1.74725,1.578,-0.907971
5,294.4490051269531,40.44089889526367,328.4259948730469,3.1415925119895975,0.0009363586366964946,0.00011372226295541282,0.606458,-1.02579,-1.93477,-1.75259,1.57796,-0.968207
6,294.4469909667969,20.43199920654297,328.41900634765625,3.1415925239916764,0.0009014164434268844,4.1681697660184346e-5,0.54278,-1.01996,-1.9373,-1.75587,1.57793,-1.03189
7,294.4369812011719,0.4182650148868561,328.4119873046875,3.141592513298299,0.0009385856482714652,2.3117459438628515e-5,0.476226,-1.01792,-1.93812,-1.757,1.57796,-1.09846
8,294.44500732421875,-19.571001052856445,328.4079895019531,3.141592523889492,0.000901010287040204,5.578057736024889e-5,0.407316,-1.01972,-1.93739,-1.75606,1.57797,-1.16742
9,294.4469909667969,-39.58500289916992,328.4029846191406,3.1415925390823656,0.0008482162832851224,-7.126667090895754e-7,0.336577,-1.0252,-1.93506,-1.7528,1.57798,-1.23806
10,294.4369812011719,-59.554100036621094,328.4079895019531,3.1415924860573208,0.0010258140656020313,-1.8521472390957895e-5,0.264907,-1.03428,-1.93109,-1.74758,1.57799,-1.30969
11,294.4389953613281,-79.56770324707031,328.4429931640625,3.1415925105041236,0.0009394017239722611,0.00012867851063828197,0.193055,-1.04702,-1.92545,-1.7406,1.57803,-1.38151
12,294.4259948730469,-99.58039855957031,328.4159851074219,3.1415925228940806,0.0009058113624170402,2.6289572378908564e-5,0.12168,-1.06294,-1.91829,-1.73189,1.5781,-1.45278
13,294.4580078125,-119.5719985961914,328.427001953125,3.1415925178448543,0.0009147883607988421,0.00012677871167421907,0.0514957,-1.082,-1.90929,-1.72196,1.57817,-1.52294
14,294.427978515625,-139.5540008544922,328.4330139160156,3.141592513592884,0.0009335596899334307,8.996005515887191e-5,-0.0169938,-1.10382,-1.89841,-1.71098,1.57814,-1.59127
15,294.4620056152344,-159.54800415039062,328.42901611328125,3.1415924957014414,0.000983316837150772,0.00015852363089916363,-0.083124,-1.12816,-1.88587,-1.69927,1.57829,-1.65745
16,294.4580078125,-179.56100463867188,328.4119873046875,3.1415924783468427,0.0010441074459946191,0.0001045157456960099,-0.146936,-1.15474,-1.87135,-1.68713,1.5783,-1.72104
17,294.44000244140625,-199.55799865722656,328.4169921875,3.1415925164580023,0.0009257456127522842,6.796688597069959e-5,-0.207813,-1.18338,-1.8549,-1.67496,1.57839,-1.78185
18,294.45599365234375,-219.5399932861328,328.4219970703125,3.141592492982408,0.000999209145395661,0.00010347473585782833,-0.265811,-1.21377,-1.83654,-1.66296,1.57838,-1.83974
19,294.4620056152344,-239.54200744628906,328.4429931640625,3.1415924818190115,0.0010194240020282527,0.00020010578992075268,-0.320785,-1.24563,-1.8163,-1.65131,1.5785,-1.89463
20,294.4490051269531,-259.5679931640625,328.4519958496094,3.1415924972442513,0.000975369367302149,0.0001760755047664557,-0.372835,-1.27889,-1.79401,-1.64031,1.57857,-1.94651
21,294.44598388671875,-279.5580139160156,328.4209899902344,3.1415925248829173,0.0008910853832141374,0.00012106186340487717,-0.421886,-1.31324,-1.76972,-1.63017,1.57855,-1.99551
22,294.47100830078125,-299.56298828125,328.4440002441406,3.1415925098330373,0.0009257974967360352,0.00021482390656017182,-0.468185,-1.34872,-1.74337,-1.62103,1.57868,-2.04171
23,314.4469909667969,120.43700408935547,328.406005859375,3.141592507084977,0.0009534577643966239,0.0001069354185896001,0.776756,-1.13297,-1.88322,-1.69696,1.57824,-0.797544
24,314.4420166015625,100.42300415039062,328.43701171875,3.1415925362115624,0.0008488453869387562,0.00013027151615478715,0.728958,-1.11562,-1.89218,-1.70528,1.57816,-0.845237
25,314.458984375,80.45929718017578,328.447021484375,3.141592515296494,0.0009174853902603928,0.00016475122509073965,0.677933,-1.10067,-1.8999,-1.71257,1.57816,-0.896368
26,314.4570007324219,60.439300537109375,328.4380187988281,3.141592514105895,0.0009228146025820964,0.00015753212595789266,0.623551,-1.08886,-1.90584,-1.7185,1.57814,-0.950819
27,314.47198486328125,40.435298919677734,328.4519958496094,3.1415925349220393,0.0008325506216106065,0.00022906535925070002,0.566342,-1.08026,-1.90998,-1.72292,1.57814,-1.00819
28,314.45501708984375,20.45469856262207,328.468994140625,3.141592477440014,0.0010267638216028378,0.00022921109694747313,0.506166,-1.07487,-1.91254,-1.72569,1.57808,-1.0683
29,314.4670104980469,0.4380120038986206,328.4429931640625,3.1415924760666045,0.001036127379168623,0.00020457545423572306,0.443602,-1.07308,-1.91343,-1.72666,1.57809,-1.13083
30,314.4570007324219,-19.575000762939453,328.4309997558594,3.141592488511195,0.0010049071325222135,0.00016547218644217063,0.379128,-1.07467,-1.91264,-1.72572,1.57806,-1.19523
31,314.4530029296875,-39.55160140991211,328.427001953125,3.141592503143376,0.0009700467140841087,6.551384893030941e-5,0.313279,-1.07968,-1.91021,-1.7231,1.57808,-1.26107
32,314.4460144042969,-59.564697265625,328.4380187988281,3.141592513668861,0.000918851701751705,0.0001867101496100159,0.246746,-1.08806,-1.90618,-1.7188,1.5781,-1.32765
33,314.4389953613281,-79.57640075683594,328.4200134277344,3.141592513197426,0.0009351956248639296,8.672012346372534e-5,0.179873,-1.09975,-1.90036,-1.71285,1.57813,-1.39441
34,314.4469909667969,-99.56669616699219,328.4079895019531,3.141592541936176,0.000833310284363679,8.446493271179586e-5,0.113591,-1.11446,-1.89287,-1.70572,1.57824,-1.46074
35,314.4519958496094,-119.59300231933594,328.41900634765625,3.1415925262541555,0.0008925674331225255,5.828183115690439e-5,0.0481575,-1.13217,-1.88364,-1.69738,1.57824,-1.52612
36,314.46099853515625,-139.5760040283203,328.4380187988281,3.141592527868346,0.0008716186557773333,0.00017381613959032075,-0.0159686,-1.1525,-1.87253,-1.68813,1.57835,-1.59004
37,314.4620056152344,-159.56201171875,328.4079895019531,3.141592514123488,0.0009338816880936664,6.447954916782066e-5,-0.0781782,-1.1752,-1.85963,-1.67833,1.57842,-1.65223
38,314.4490051269531,-179.5600128173828,328.4200134277344,3.1415925064583305,0.0009606407925413199,4.0292560591957234e-5,-0.138228,-1.20014,-1.84488,-1.66821,1.57839,-1.71216
39,314.4420166015625,-199.5649871826172,328.4020080566406,3.1415925062226884,0.0009620057280216908,2.1904016016522627e-5,-0.19602,-1.22706,-1.82824,-1.65788,1.5784,-1.7699
40,314.4259948730469,-219.56700134277344,328.3970031738281,3.141592536243666,0.0008586531266369157,4.718003821159346e-6,-0.251235,-1.25574,-1.80963,-1.64776,1.57853,-1.82503
41,314.45501708984375,-239.5540008544922,328.4320068359375,3.1415925039467174,0.0009597268436467907,0.00013841799022700922,-0.303891,-1.28596,-1.78907,-1.63814,1.57855,-1.87761
42,314.4440002441406,-259.552001953125,328.406982421875,3.141592480489596,0.0010428841096668433,-3.649844355479551e-6,-0.353936,-1.3176,-1.76657,-1.62896,1.57863,-1.92759
43,314.45599365234375,-279.5690002441406,328.4169921875,3.1415925026986224,0.0009690988053541321,9.447047515133082e-5,-0.401397,-1.35048,-1.74211,-1.62054,1.57867,-1.97503
44,314.4420166015625,-299.5670166015625,328.4330139160156,3.141592514432975,0.0009268545779848831,0.0001236472704995068,-0.446384,-1.38441,-1.7156,-1.61314,1.57869,-2.01988
45,334.43701171875,120.39399719238281,328.4040222167969,3.141592521652874,0.0009078330587678648,6.944947990485425e-5,0.733644,-1.18268,-1.85523,-1.67519,1.57832,-0.840447
46,334.46697998046875,100.43799591064453,328.4490051269531,3.1415925351709646,0.0008452325211320625,0.0001721319714584826,0.687239,-1.16654,-1.86446,-1.68209,1.57823,-0.886842
47,334.447998046875,80.43590545654297,328.4449768066406,3.1415925066056123,0.0009491807634171042,0.000150282076855988,0.637914,-1.15271,-1.87232,-1.6881,1.57824,-0.936269
48,334.4389953613281,60.42530059814453,328.3979797363281,3.141592509345162,0.0009519249616019339,-1.2433586935238548e-5,0.585846,-1.14173,-1.87845,-1.69303,1.57826,-0.988392
49,334.4429931640625,40.447998046875,328.44000244140625,3.1415924948700478,0.0009868695060598436,0.00015282055107449812,0.531147,-1.13368,-1.8827,-1.69672,1.57829,-1.04302
50,334.46600341796875,20.45050048828125,328.44000244140625,3.141592513653422,0.0009196003560615628,0.00018325205438864104,0.474214,-1.12881,-1.8853,-1.69898,1.57821,-1.09995
51,334.45501708984375,0.4525899887084961,328.42498779296875,3.1415925098884254,0.0009463837123856395,8.520666535006767e-5,0.415389,-1.12711,-1.88625,-1.69979,1.57817,-1.15889
52,334.4580078125,-19.548099517822266,328.42901611328125,3.1415925209280178,0.0009065464949529692,0.00010822177276405023,0.354845,-1.12857,-1.88549,-1.69903,1.57821,-1.2194
53,334.4309997558594,-39.5640983581543,328.4490051269531,3.1415925203600588,0.0009010711916198516,0.00015867515111286736,0.293207,-1.13322,-1.88299,-1.69685,1.57821,-1.28099
54,334.45501708984375,-59.56849670410156,328.4320068359375,3.1415925008877217,0.0009589549464869584,0.00019965169956829806,0.230949,-1.14098,-1.87874,-1.69327,1.57828,-1.34323
55,334.4460144042969,-79.56269836425781,328.41302490234375,3.1415925020896633,0.0009719459406306479,8.499680794379132e-5,0.168597,-1.15178,-1.87277,-1.68842,1.57832,-1.40559
56,334.4339904785156,-99.543701171875,328.3909912109375,3.1415925011179118,0.0009730418655830946,-0.00010582341484463302,0.106433,-1.16548,-1.86516,-1.68243,1.57833,-1.46769
57,334.4410095214844,-119.53599548339844,328.4040222167969,3.1415924876372574,0.0010205104985051528,3.562066925550761e-5,0.0450605,-1.18191,-1.85568,-1.67548,1.57839,-1.52893
58,334.4490051269531,-139.572998046875,328.3990173339844,3.1415925224281747,0.0009061986077376201,5.400761321077626e-5,-0.0150321,-1.20086,-1.84445,-1.66782,1.57838,-1.58901
59,334.45501708984375,-159.54299926757812,328.4490051269531,3.141592478108563,0.0010326872615154178,0.00019010016693285059,-0.0736578,-1.22222,-1.83128,-1.65967,1.57842,-1.64763
60,334.46099853515625,-179.57000732421875,328.42401123046875,3.1415925161702227,0.0009231836945377686,0.00010566208281445914,-0.130548,-1.24562,-1.81624,-1.65121,1.57844,-1.70436
61,334.43701171875,-199.58401489257812,328.42498779296875,3.141592534197944,0.0008517658090820889,0.00015702262282834732,-0.185443,-1.27107,-1.79935,-1.64276,1.57859,-1.75918
62,334.4440002441406,-219.5500030517578,328.4169921875,3.1415924910554356,0.0010096539270366331,4.2806668320801325e-5,-0.23806,-1.29815,-1.78058,-1.63446,1.5786,-1.81181
63,334.4259948730469,-239.57400512695312,328.41302490234375,3.1415925252152817,0.0008970426748602743,4.376383445949933e-5,-0.288607,-1.32682,-1.75984,-1.6265,1.57868,-1.86216
64,334.427001953125,-259.57501220703125,328.4010009765625,3.1415925406178076,0.0008423966447756855,1.3849210281915094e-5,-0.336724,-1.357,-1.73716,-1.61903,1.57865,-1.91032
65,334.4230041503906,-279.5849914550781,328.3900146484375,3.141592527636258,0.0008895885218562521,-4.652658598061832e-6,-0.382686,-1.38843,-1.71241,-1.61233,1.5787,-1.95616
66,334.4529724121094,-299.5660095214844,328.4309997558594,3.141592516736624,0.0009140616741603118,0.00015609311505722422,-0.426328,-1.42096,-1.68567,-1.60644,1.57874,-1.99975
67,354.4319763183594,120.4050064086914,328.41900634765625,3.1415925415838353,0.0008377733161309228,4.347467368428914e-5,0.694942,-1.23197,-1.82512,-1.65608,1.57841,-0.879005
68,354.4309997558594,100.41699981689453,328.4020080566406,3.14159249668973,0.0009922830840230548,3.473364664553089e-5,0.649906,-1.21693,-1.83444,-1.66173,1.57841,-0.924011
69,354.447998046875,80.43680572509766,328.4309997558594,3.1415925046991684,0.0009638709549856124,8.037503007662792e-5,0.602294,-1.204,-1.8424,-1.66667,1.57841,-0.971659
70,354.4419860839844,60.4275016784668,328.4320068359375,3.1415925150625523,0.0009282916434166723,9.309636911981092e-5,0.552393,-1.19375,-1.84857,-1.67078,1.57832,-1.02166
71,354.4440002441406,40.45249938964844,328.41900634765625,3.1415924944569307,0.0009999273609459269,2.551826310777204e-6,0.500207,-1.1863,-1.85309,-1.67376,1.57832,-1.0738
72,354.4520263671875,20.45479965209961,328.42401123046875,3.141592513711897,0.0009372247311094538,2.210261712121999e-5,0.44622,-1.18177,-1.85574,-1.67564,1.57832,-1.12782
73,354.4369812011719,0.4563100039958954,328.4380187988281,3.141592505153089,0.0009616680817306063,8.859907617710741e-5,0.390583,-1.18019,-1.85664,-1.67625,1.57837,-1.1835
74,354.4430236816406,-19.55419921875,328.4280090332031,3.141592522512148,0.0008953142589545385,0.00014831552481425232,0.333586,-1.18158,-1.85588,-1.67566,1.57837,-1.24048
75,354.4369812011719,-39.595699310302734,328.42901611328125,3.1415925312317317,0.0008669996947760287,0.00013080477226237275,0.275541,-1.18586,-1.85334,-1.67388,1.57837,-1.29842
76,354.44000244140625,-59.55860137939453,328.42999267578125,3.1415925114522456,0.000935937699864514,0.00013075610105445348,0.217152,-1.19304,-1.84895,-1.67095,1.57843,-1.35688
77,354.447998046875,-79.55829620361328,328.4280090332031,3.1415924908235437,0.0010112036603458997,1.2555469244659311e-5,0.15855,-1.20311,-1.84292,-1.66694,1.57847,-1.41541
78,354.4440002441406,-99.55709838867188,328.4110107421875,3.1415925112563565,0.0009437117085964628,6.095533380027318e-5,0.100228,-1.21592,-1.83515,-1.66199,1.57837,-1.47374
79,354.4679870605469,-119.552001953125,328.42901611328125,3.141592490054881,0.0009986451082089447,0.0001738622403779185,0.0424826,-1.23118,-1.82551,-1.65634,1.57849,-1.5314
80,354.4380187988281,-139.56199645996094,328.4159851074219,3.1415925130062017,0.0009391317317393324,3.6665026280355125e-5,-0.0141495,-1.24897,-1.81405,-1.6501,1.57847,-1.58809
81,354.44598388671875,-159.56700134277344,328.43597412109375,3.141592520315167,0.0009119845261128752,7.532184031743518e-5,-0.0697172,-1.26907,-1.8007,-1.64344,1.57859,-1.64345
82,354.4520263671875,-179.5590057373047,328.4150085449219,3.141592502810727,0.0009705737265432962,7.320815811230621e-5,-0.12365,-1.29109,-1.78551,-1.6365,1.57858,-1.69736
83,354.4540100097656,-199.5500030517578,328.4200134277344,3.141592499236923,0.0009779298144021154,0.00011610746119305988,-0.175814,-1.31513,-1.7684,-1.62963,1.57858,-1.74949
84,354.427978515625,-219.5640106201172,328.4209899902344,3.141592524999112,0.0008927892434620127,0.00010433807696496873,-0.226195,-1.34087,-1.74944,-1.62289,1.57863,-1.79982
85,354.43402099609375,-239.572998046875,328.4049987792969,3.141592508964016,0.000952995768938113,2.2574489777010013e-5,-0.274583,-1.36818,-1.72848,-1.61657,1.57871,-1.84814
86,354.4700012207031,-259.5579833984375,328.4169921875,3.14159249827667,0.0009802414065477592,0.00012242505102791145,-0.321038,-1.39697,-1.70547,-1.6107,1.57875,-1.89448
87,354.4380187988281,-279.55499267578125,328.4020080566406,3.141592503678084,0.0009693102969882742,-4.858576553663336e-5,-0.365493,-1.427,-1.68059,-1.60553,1.5788,-1.93884
88,354.4639892578125,-299.5570068359375,328.39398193359375,3.1415925099082935,0.0009499868309351882,1.739227937966097e-5,-0.407807,-1.45828,-1.6537,-1.60118,1.57885,-1.98115
